-- --------------------------------------------------------
-- Host:                         127.0.0.1
-- Server version:               5.6.20 - Source distribution
-- Server OS:                    Linux
-- HeidiSQL Version:             9.4.0.5174
-- --------------------------------------------------------

/*!40101 SET @OLD_CHARACTER_SET_CLIENT=@@CHARACTER_SET_CLIENT */;
/*!40101 SET NAMES utf8 */;
/*!50503 SET NAMES utf8mb4 */;
/*!40014 SET @OLD_FOREIGN_KEY_CHECKS=@@FOREIGN_KEY_CHECKS, FOREIGN_KEY_CHECKS=0 */;
/*!40101 SET @OLD_SQL_MODE=@@SQL_MODE, SQL_MODE='NO_AUTO_VALUE_ON_ZERO' */;


-- Dumping database structure for ataba_express
DROP DATABASE IF EXISTS `ataba_express`;
CREATE DATABASE IF NOT EXISTS `ataba_express` /*!40100 DEFAULT CHARACTER SET latin1 */;
USE `ataba_express`;

-- Dumping structure for table ataba_express.berita
DROP TABLE IF EXISTS `berita`;
CREATE TABLE IF NOT EXISTS `berita` (
  `id` int(11) NOT NULL AUTO_INCREMENT,
  `judul` varchar(100) NOT NULL,
  `slug` varchar(100) NOT NULL,
  `konten` text NOT NULL,
  `gambar` varchar(200) NOT NULL,
  `tgl` timestamp NOT NULL DEFAULT CURRENT_TIMESTAMP ON UPDATE CURRENT_TIMESTAMP,
  PRIMARY KEY (`id`),
  UNIQUE KEY `judul` (`judul`)
) ENGINE=InnoDB AUTO_INCREMENT=5 DEFAULT CHARSET=latin1;

-- Dumping data for table ataba_express.berita: ~4 rows (approximately)
DELETE FROM `berita`;
/*!40000 ALTER TABLE `berita` DISABLE KEYS */;
INSERT INTO `berita` (`id`, `judul`, `slug`, `konten`, `gambar`, `tgl`) VALUES
	(1, 'Lorem ipsum dolor sit amet  1', 'lorem-ipsum-dolor-sit-amet-1', '<p>Lorem ipsum dolor sit amet, consectetur adipiscing elit, sed do eiusmod tempor incididunt ut labore et dolore magna aliqua. Ut enim ad minim veniam, quis nostrud exercitation ullamco laboris nisi ut aliquip ex ea commodo consequat. Duis aute irure dolor in reprehenderit in voluptate velit esse cillum dolore eu fugiat nulla pariatur. Excepteur sint occaecat cupidatat non proident, sunt in culpa qui officia deserunt mollit anim id est laborum.</p>\r\n', 'bd2b8-7919-38coobksrtfik2go-s-.png', '2017-09-23 00:38:06'),
	(2, 'Lorem ipsum dolor sit amet  2', 'lorem-ipsum-dolor-sit-amet-2', '<p>Lorem ipsum dolor sit amet, consectetur adipiscing elit, sed do eiusmod tempor incididunt ut labore et dolore magna aliqua. Ut enim ad minim veniam, quis nostrud exercitation ullamco laboris nisi ut aliquip ex ea commodo consequat. Duis aute irure dolor in reprehenderit in voluptate velit esse cillum dolore eu fugiat nulla pariatur. Excepteur sint occaecat cupidatat non proident, sunt in culpa qui officia deserunt mollit anim id est laborum.</p>\r\n', 'bd2b8-7919-38coobksrtfik2go-s-.png', '2017-09-23 00:38:10'),
	(3, 'Lorem ipsum dolor sit amet  3', 'lorem-ipsum-dolor-sit-amet-3', '<p>Lorem ipsum dolor sit amet, consectetur adipiscing elit, sed do eiusmod tempor incididunt ut labore et dolore magna aliqua. Ut enim ad minim veniam, quis nostrud exercitation ullamco laboris nisi ut aliquip ex ea commodo consequat. Duis aute irure dolor in reprehenderit in voluptate velit esse cillum dolore eu fugiat nulla pariatur. Excepteur sint occaecat cupidatat non proident, sunt in culpa qui officia deserunt mollit anim id est laborum.</p>\r\n', 'bd2b8-7919-38coobksrtfik2go-s-.png', '2017-09-23 00:38:10'),
	(4, 'Lorem ipsum dolor sit amet  4', 'lorem-ipsum-dolor-sit-amet-4', '<p>Lorem ipsum dolor sit amet, consectetur adipiscing elit, sed do eiusmod tempor incididunt ut labore et dolore magna aliqua. Ut enim ad minim veniam, quis nostrud exercitation ullamco laboris nisi ut aliquip ex ea commodo consequat. Duis aute irure dolor in reprehenderit in voluptate velit esse cillum dolore eu fugiat nulla pariatur. Excepteur sint occaecat cupidatat non proident, sunt in culpa qui officia deserunt mollit anim id est laborum.</p>\r\n', 'bd2b8-7919-38coobksrtfik2go-s-.png', '2017-09-24 00:38:10');
/*!40000 ALTER TABLE `berita` ENABLE KEYS */;

-- Dumping structure for table ataba_express.cabang
DROP TABLE IF EXISTS `cabang`;
CREATE TABLE IF NOT EXISTS `cabang` (
  `id` int(11) NOT NULL AUTO_INCREMENT,
  `nama` varchar(50) NOT NULL,
  `negara` varchar(50) NOT NULL,
  `alamat` text,
  `telp` varchar(50) DEFAULT NULL,
  `whatsapp` varchar(50) DEFAULT NULL,
  `jam_kerja` varchar(50) DEFAULT NULL,
  `latlng` varchar(50) DEFAULT NULL,
  `jenis` enum('asal','tujuan') DEFAULT NULL,
  `keterangan_lain` varchar(50) DEFAULT NULL,
  PRIMARY KEY (`id`),
  UNIQUE KEY `nama` (`nama`)
) ENGINE=InnoDB AUTO_INCREMENT=25 DEFAULT CHARSET=latin1;

-- Dumping data for table ataba_express.cabang: ~22 rows (approximately)
DELETE FROM `cabang`;
/*!40000 ALTER TABLE `cabang` DISABLE KEYS */;
INSERT INTO `cabang` (`id`, `nama`, `negara`, `alamat`, `telp`, `whatsapp`, `jam_kerja`, `latlng`, `jenis`, `keterangan_lain`) VALUES
	(1, 'Hongkong - Head office', 'cina', '<p>14/F1 - 5 Sugar Street, Commercial Building, Causeway Bay (Depan CSL/Kanan Smarton)</p>\r\n', '+852-5664-7961', NULL, '18:00', '22.279977, 114.186467', 'tujuan', NULL),
	(2, 'Jakarta 1', 'indonesia', NULL, NULL, NULL, NULL, '-6.187784, 106.813944', 'asal', NULL),
	(3, 'Jakarta 2', 'indonesia', NULL, NULL, NULL, NULL, NULL, 'asal', NULL),
	(4, 'Surabaya', 'indonesia', NULL, NULL, NULL, NULL, '-7.317295, 112.705816', 'asal', NULL),
	(5, 'Solo', 'indonesia', NULL, NULL, NULL, NULL, '-7.578960, 110.835510', 'asal', NULL),
	(6, 'Madiun', 'indonesia', NULL, NULL, NULL, NULL, NULL, 'asal', NULL),
	(7, 'Banyuwangi', 'indonesia', NULL, NULL, NULL, NULL, NULL, 'asal', NULL),
	(8, 'Bandung', 'indonesia', NULL, NULL, NULL, NULL, '-6.859806, 107.531780', 'asal', NULL),
	(9, 'Blitar', 'indonesia', NULL, NULL, NULL, NULL, '-8.099865, 112.324525', 'asal', NULL),
	(10, 'Bekasi', 'indonesia', NULL, NULL, NULL, NULL, NULL, 'asal', NULL),
	(11, 'Djogja', 'indonesia', NULL, NULL, NULL, NULL, NULL, 'asal', NULL),
	(12, 'Malang', 'indonesia', NULL, NULL, NULL, NULL, '-7.958855, 112.611635', 'asal', NULL),
	(13, 'Singapura', 'singapura', NULL, NULL, NULL, NULL, NULL, 'tujuan', NULL),
	(14, 'Brunei', 'brunei', NULL, NULL, NULL, NULL, NULL, 'tujuan', NULL),
	(16, 'Ponorogo', 'indonesia', NULL, NULL, NULL, NULL, '-7.887032, 111.475374', 'asal', NULL),
	(17, 'Trenggalek', 'indonesia', NULL, NULL, NULL, NULL, '-8.100853, 111.818444', 'asal', NULL),
	(18, 'Pekalongan', 'indonesia', NULL, NULL, NULL, NULL, '-6.926896, 109.661170', 'asal', NULL),
	(19, 'Kendal', 'indonesia', NULL, NULL, NULL, NULL, '-6.976379, 110.190149', 'asal', NULL),
	(20, 'Kediri', 'indonesia', NULL, NULL, NULL, NULL, '-7.977807, 112.032157', 'asal', NULL),
	(21, 'Banyumas', 'indonesia', NULL, NULL, NULL, NULL, '-7.618021, 109.267111', 'asal', NULL),
	(22, 'Cilacap', 'indonesia', NULL, NULL, NULL, NULL, '-7.630888, 109.247658', 'asal', NULL),
	(23, 'Sidoarjo', 'indonesia', NULL, NULL, NULL, NULL, NULL, 'asal', NULL),
	(24, 'Taiwan', 'cina', NULL, NULL, NULL, NULL, NULL, 'tujuan', NULL);
/*!40000 ALTER TABLE `cabang` ENABLE KEYS */;

-- Dumping structure for table ataba_express.ci_session
DROP TABLE IF EXISTS `ci_session`;
CREATE TABLE IF NOT EXISTS `ci_session` (
  `id` varchar(40) NOT NULL,
  `ip_address` varchar(45) NOT NULL,
  `timestamp` int(10) unsigned NOT NULL DEFAULT '0',
  `data` blob NOT NULL,
  PRIMARY KEY (`id`),
  KEY `ci_sessions_timestamp` (`timestamp`)
) ENGINE=InnoDB DEFAULT CHARSET=latin1;

-- Dumping data for table ataba_express.ci_session: ~48 rows (approximately)
DELETE FROM `ci_session`;
/*!40000 ALTER TABLE `ci_session` DISABLE KEYS */;
INSERT INTO `ci_session` (`id`, `ip_address`, `timestamp`, `data`) VALUES
	('09qjhmuhapk8suh2ofumpcadtjfqu6k3', '::1', 1506308609, _binary 0x5F5F63695F6C6173745F726567656E65726174657C693A313530363330383336363B757365725F69647C733A313A2232223B757365725F757365726E616D657C733A383A226A616B6172746131223B757365725F6C6576656C7C733A363A22636162616E67223B616B7365735F636162616E677C733A313A2232223B),
	('1j9r2t094mm96va87fvg7gvlasmqb6o8', '::1', 1506303981, _binary 0x5F5F63695F6C6173745F726567656E65726174657C693A313530363330333536363B757365725F69647C733A313A2232223B757365725F757365726E616D657C733A383A226A616B6172746131223B757365725F6C6576656C7C733A363A22636162616E67223B616B7365735F636162616E677C733A313A2232223B),
	('1u0voump8kc7gsm78687v8aulhci8c1k', '::1', 1506324780, _binary 0x5F5F63695F6C6173745F726567656E65726174657C693A313530363332343737393B),
	('1v9hm6q8v0qsr7lb2bidmgkvhngt1e82', '::1', 1506294187, _binary 0x5F5F63695F6C6173745F726567656E65726174657C693A313530363239333934323B757365725F69647C733A313A2232223B757365725F757365726E616D657C733A383A226A616B6172746131223B757365725F6C6576656C7C733A363A22636162616E67223B616B7365735F636162616E677C733A313A2232223B),
	('5864jm3jujt9t6sqfdjhokgrtec7j7ps', '::1', 1506305502, _binary 0x5F5F63695F6C6173745F726567656E65726174657C693A313530363330353336343B757365725F69647C733A313A2232223B757365725F757365726E616D657C733A383A226A616B6172746131223B757365725F6C6576656C7C733A363A22636162616E67223B616B7365735F636162616E677C733A313A2232223B),
	('5hl2eho8ok814t6gi1a3fr8qeelsf6oa', '::1', 1506296267, _binary 0x5F5F63695F6C6173745F726567656E65726174657C693A313530363239353936383B757365725F69647C733A313A2232223B757365725F757365726E616D657C733A383A226A616B6172746131223B757365725F6C6576656C7C733A363A22636162616E67223B616B7365735F636162616E677C733A313A2232223B),
	('5l0ae0qdt8gj48s6ftnlenm6bh6mk8o8', '::1', 1506294884, _binary 0x5F5F63695F6C6173745F726567656E65726174657C693A313530363239343631363B757365725F69647C733A313A2232223B757365725F757365726E616D657C733A383A226A616B6172746131223B757365725F6C6576656C7C733A363A22636162616E67223B616B7365735F636162616E677C733A313A2232223B),
	('6ej9qau8rltlosu4gcmrtkulk2ubms68', '::1', 1506303112, _binary 0x5F5F63695F6C6173745F726567656E65726174657C693A313530363330323735323B757365725F69647C733A313A2232223B757365725F757365726E616D657C733A383A226A616B6172746131223B757365725F6C6576656C7C733A363A22636162616E67223B616B7365735F636162616E677C733A313A2232223B),
	('6rl0p3033j4j5bqhqubj6oho56oqlv6t', '::1', 1506298653, _binary 0x5F5F63695F6C6173745F726567656E65726174657C693A313530363239373836303B757365725F69647C733A313A2232223B757365725F757365726E616D657C733A383A226A616B6172746131223B757365725F6C6576656C7C733A363A22636162616E67223B616B7365735F636162616E677C733A313A2232223B),
	('730f26le5gf3l51sqgq8b57c5qf0445p', '::1', 1506416155, _binary 0x5F5F63695F6C6173745F726567656E65726174657C693A313530363431363036383B757365725F69647C733A313A2231223B757365725F757365726E616D657C733A353A2261646D696E223B757365725F6C6576656C7C733A353A2261646D696E223B616B7365735F636162616E677C733A303A22223B),
	('7p5v242qisk2u60nva544pq4ogpmoer8', '::1', 1506297833, _binary 0x5F5F63695F6C6173745F726567656E65726174657C693A313530363239373535353B757365725F69647C733A313A2232223B757365725F757365726E616D657C733A383A226A616B6172746131223B757365725F6C6576656C7C733A363A22636162616E67223B616B7365735F636162616E677C733A313A2232223B),
	('7psq8kpvlh3u3imgc60bh7atfomb8vlp', '::1', 1506319843, _binary 0x5F5F63695F6C6173745F726567656E65726174657C693A313530363331393834333B),
	('92s0ld5t9titct7mle0mqo287csorjdn', '::1', 1506416123, _binary 0x5F5F63695F6C6173745F726567656E65726174657C693A313530363431353835323B757365725F69647C733A313A2233223B757365725F757365726E616D657C733A383A227375726162617961223B757365725F6C6576656C7C733A363A22636162616E67223B616B7365735F636162616E677C733A313A2234223B),
	('944bqs4ki92aj8vqh1u6djtn043hjbpk', '::1', 1506415999, _binary 0x5F5F63695F6C6173745F726567656E65726174657C693A313530363431353735333B757365725F69647C733A313A2231223B757365725F757365726E616D657C733A353A2261646D696E223B757365725F6C6576656C7C733A353A2261646D696E223B616B7365735F636162616E677C733A303A22223B),
	('9n58o168djhc7fa0cc74brhsa0pc01kl', '::1', 1506305364, _binary 0x5F5F63695F6C6173745F726567656E65726174657C693A313530363330343632333B757365725F69647C733A313A2232223B757365725F757365726E616D657C733A383A226A616B6172746131223B757365725F6C6576656C7C733A363A22636162616E67223B616B7365735F636162616E677C733A313A2232223B),
	('9tji6clshidbqfd5cqsdcmk1di3ubeia', '::1', 1506307676, _binary 0x5F5F63695F6C6173745F726567656E65726174657C693A313530363330373637363B757365725F69647C733A313A2232223B757365725F757365726E616D657C733A383A226A616B6172746131223B757365725F6C6576656C7C733A363A22636162616E67223B616B7365735F636162616E677C733A313A2232223B),
	('9v4ackjol4tilctudhgs0mofjmq2a06l', '::1', 1506304260, _binary 0x5F5F63695F6C6173745F726567656E65726174657C693A313530363330333938313B757365725F69647C733A313A2232223B757365725F757365726E616D657C733A383A226A616B6172746131223B757365725F6C6576656C7C733A363A22636162616E67223B616B7365735F636162616E677C733A313A2232223B),
	('aa1b0nmr0vn7ujch19pe5li4j9839arp', '::1', 1506302532, _binary 0x5F5F63695F6C6173745F726567656E65726174657C693A313530363330323336323B757365725F69647C733A313A2232223B757365725F757365726E616D657C733A383A226A616B6172746131223B757365725F6C6576656C7C733A363A22636162616E67223B616B7365735F636162616E677C733A313A2232223B),
	('ae52p5pvfjcipnuek7d12f01idrusrdm', '::1', 1506298908, _binary 0x5F5F63695F6C6173745F726567656E65726174657C693A313530363239383635333B757365725F69647C733A313A2232223B757365725F757365726E616D657C733A383A226A616B6172746131223B757365725F6C6576656C7C733A363A22636162616E67223B616B7365735F636162616E677C733A313A2232223B),
	('b236rmml39alvp7eluva6j398maubuec', '::1', 1506295343, _binary 0x5F5F63695F6C6173745F726567656E65726174657C693A313530363239353237353B757365725F69647C733A313A2232223B757365725F757365726E616D657C733A383A226A616B6172746131223B757365725F6C6576656C7C733A363A22636162616E67223B616B7365735F636162616E677C733A313A2232223B),
	('bd8b6in0j5ca7veljtro23sa47brtjj5', '::1', 1506300018, _binary 0x5F5F63695F6C6173745F726567656E65726174657C693A313530363239393635393B757365725F69647C733A313A2232223B757365725F757365726E616D657C733A383A226A616B6172746131223B757365725F6C6576656C7C733A363A22636162616E67223B616B7365735F636162616E677C733A313A2232223B),
	('bjd1m7uifn2s4t431vm6ct4ddssv2go5', '::1', 1506404601, _binary 0x5F5F63695F6C6173745F726567656E65726174657C693A313530363430343630313B),
	('bjpvs9safrjtuam02ion9kmg6mh4abj1', '::1', 1506307249, _binary 0x5F5F63695F6C6173745F726567656E65726174657C693A313530363330363837313B757365725F69647C733A313A2232223B757365725F757365726E616D657C733A383A226A616B6172746131223B757365725F6C6576656C7C733A363A22636162616E67223B616B7365735F636162616E677C733A313A2232223B),
	('bkgj9pqr79jg8f8ad8b93t3ampoconcu', '::1', 1506307298, _binary 0x5F5F63695F6C6173745F726567656E65726174657C693A313530363330373235323B757365725F69647C733A313A2232223B757365725F757365726E616D657C733A383A226A616B6172746131223B757365725F6C6576656C7C733A363A22636162616E67223B616B7365735F636162616E677C733A313A2232223B),
	('cth4tkr9vqp5hfqt9snemrbrooe6cc1l', '::1', 1506299606, _binary 0x5F5F63695F6C6173745F726567656E65726174657C693A313530363239393335333B757365725F69647C733A313A2232223B757365725F757365726E616D657C733A383A226A616B6172746131223B757365725F6C6576656C7C733A363A22636162616E67223B616B7365735F636162616E677C733A313A2232223B),
	('d4s11usgiqlimv8egfrp2a0g3lbhp4sj', '::1', 1506301321, _binary 0x5F5F63695F6C6173745F726567656E65726174657C693A313530363330313032363B757365725F69647C733A313A2232223B757365725F757365726E616D657C733A383A226A616B6172746131223B757365725F6C6576656C7C733A363A22636162616E67223B616B7365735F636162616E677C733A313A2232223B),
	('e5rjjo0fpt8hqmm9debggp2p2v4mdfsg', '::1', 1506294550, _binary 0x5F5F63695F6C6173745F726567656E65726174657C693A313530363239343236343B757365725F69647C733A313A2232223B757365725F757365726E616D657C733A383A226A616B6172746131223B757365725F6C6576656C7C733A363A22636162616E67223B616B7365735F636162616E677C733A313A2232223B),
	('ehh3egbocj17kti56gqquj4pi7eju6bc', '::1', 1506415521, _binary 0x5F5F63695F6C6173745F726567656E65726174657C693A313530363431353430333B757365725F69647C733A313A2231223B757365725F757365726E616D657C733A353A2261646D696E223B757365725F6C6576656C7C733A353A2261646D696E223B616B7365735F636162616E677C733A303A22223B),
	('fucmbi7nv4sdna2kpu8u7msdejshab72', '::1', 1506415710, _binary 0x5F5F63695F6C6173745F726567656E65726174657C693A313530363431353436353B757365725F69647C733A313A2233223B757365725F757365726E616D657C733A383A227375726162617961223B757365725F6C6576656C7C733A363A22636162616E67223B616B7365735F636162616E677C733A313A2234223B),
	('g4dhpu1gl4gk50mjecnthn8mn00n6jms', '::1', 1506301648, _binary 0x5F5F63695F6C6173745F726567656E65726174657C693A313530363330313337323B757365725F69647C733A313A2232223B757365725F757365726E616D657C733A383A226A616B6172746131223B757365725F6C6576656C7C733A363A22636162616E67223B616B7365735F636162616E677C733A313A2232223B),
	('g762qsik6tqnh0f9ce6ej36ob0em0gh9', '::1', 1506295916, _binary 0x5F5F63695F6C6173745F726567656E65726174657C693A313530363239353634303B757365725F69647C733A313A2232223B757365725F757365726E616D657C733A383A226A616B6172746131223B757365725F6C6576656C7C733A363A22636162616E67223B616B7365735F636162616E677C733A313A2232223B),
	('gi7s3sv9hgtpqj3dq3iu7airir7bkfrv', '::1', 1506300611, _binary 0x5F5F63695F6C6173745F726567656E65726174657C693A313530363330303333363B757365725F69647C733A313A2232223B757365725F757365726E616D657C733A383A226A616B6172746131223B757365725F6C6576656C7C733A363A22636162616E67223B616B7365735F636162616E677C733A313A2232223B),
	('gjjf6alc8fs7f1p0uj1k5aphuepl9hdv', '::1', 1506308887, _binary 0x5F5F63695F6C6173745F726567656E65726174657C693A313530363330383637373B757365725F69647C733A313A2232223B757365725F757365726E616D657C733A383A226A616B6172746131223B757365725F6C6576656C7C733A363A22636162616E67223B616B7365735F636162616E677C733A313A2232223B),
	('hfq9hiho5j5giq813dcvaiqb90fqtt26', '::1', 1506304605, _binary 0x5F5F63695F6C6173745F726567656E65726174657C693A313530363330343332323B757365725F69647C733A313A2232223B757365725F757365726E616D657C733A383A226A616B6172746131223B757365725F6C6576656C7C733A363A22636162616E67223B616B7365735F636162616E677C733A313A2232223B),
	('i3oc5c9ljcu5e542b42vfqe2jtmvq7b7', '::1', 1506415325, _binary 0x5F5F63695F6C6173745F726567656E65726174657C693A313530363431353039373B757365725F69647C733A313A2231223B757365725F757365726E616D657C733A353A2261646D696E223B757365725F6C6576656C7C733A353A2261646D696E223B616B7365735F636162616E677C733A303A22223B),
	('ir67uq6q6fkrkeh597clad7lj4850i60', '::1', 1506300316, _binary 0x5F5F63695F6C6173745F726567656E65726174657C693A313530363330303031383B757365725F69647C733A313A2232223B757365725F757365726E616D657C733A383A226A616B6172746131223B757365725F6C6576656C7C733A363A22636162616E67223B616B7365735F636162616E677C733A313A2232223B),
	('iubr0oie9al6upn9mg1jc9oe50362ade', '::1', 1506416428, _binary 0x5F5F63695F6C6173745F726567656E65726174657C693A313530363431363432383B),
	('k496b7t6rofat25dk97gdpd1grnbrj1l', '::1', 1506297176, _binary 0x5F5F63695F6C6173745F726567656E65726174657C693A313530363239363837343B757365725F69647C733A313A2232223B757365725F757365726E616D657C733A383A226A616B6172746131223B757365725F6C6576656C7C733A363A22636162616E67223B616B7365735F636162616E677C733A313A2232223B),
	('k9cc6ij6rukp397m9fnmsglc7b3fea92', '::1', 1506306635, _binary 0x5F5F63695F6C6173745F726567656E65726174657C693A313530363330363535383B757365725F69647C733A313A2232223B757365725F757365726E616D657C733A383A226A616B6172746131223B757365725F6C6576656C7C733A363A22636162616E67223B616B7365735F636162616E677C733A313A2232223B),
	('p3s7sirqcl45ki372dhqe58bl7kchhce', '::1', 1506305771, _binary 0x5F5F63695F6C6173745F726567656E65726174657C693A313530363330353639353B757365725F69647C733A313A2232223B757365725F757365726E616D657C733A383A226A616B6172746131223B757365725F6C6576656C7C733A363A22636162616E67223B616B7365735F636162616E677C733A313A2232223B),
	('pbsisbtojuu8jpderqu7ng5h6d88qheq', '::1', 1506299282, _binary 0x5F5F63695F6C6173745F726567656E65726174657C693A313530363239393034323B757365725F69647C733A313A2232223B757365725F757365726E616D657C733A383A226A616B6172746131223B757365725F6C6576656C7C733A363A22636162616E67223B616B7365735F636162616E677C733A313A2232223B),
	('rkft6d46ajvdbsiqjbhb7m5mlffm15gn', '::1', 1506295210, _binary 0x5F5F63695F6C6173745F726567656E65726174657C693A313530363239343932323B757365725F69647C733A313A2232223B757365725F757365726E616D657C733A383A226A616B6172746131223B757365725F6C6576656C7C733A363A22636162616E67223B616B7365735F636162616E677C733A313A2232223B),
	('rtae31659tqmor6ccc5co1vcvh0j5j9s', '::1', 1506416425, _binary 0x5F5F63695F6C6173745F726567656E65726174657C693A313530363431363432353B),
	('s86f2c5hfi1c2ke4crm685a3c7v4ivf9', '::1', 1506415457, _binary 0x5F5F63695F6C6173745F726567656E65726174657C693A313530363431353435373B),
	('tfreiauchnoi4hr5gs4vfr3g5lusnfvo', '::1', 1506297461, _binary 0x5F5F63695F6C6173745F726567656E65726174657C693A313530363239373138363B757365725F69647C733A313A2232223B757365725F757365726E616D657C733A383A226A616B6172746131223B757365725F6C6576656C7C733A363A22636162616E67223B616B7365735F636162616E677C733A313A2232223B),
	('uu32a2s2f0l70io7p844ejfc8ij41nr8', '::1', 1506296490, _binary 0x5F5F63695F6C6173745F726567656E65726174657C693A313530363239363338313B757365725F69647C733A313A2232223B757365725F757365726E616D657C733A383A226A616B6172746131223B757365725F6C6576656C7C733A363A22636162616E67223B616B7365735F636162616E677C733A313A2232223B),
	('uugnfmvaluht2gb21cthlddogoj94mu8', '::1', 1506302014, _binary 0x5F5F63695F6C6173745F726567656E65726174657C693A313530363330313731373B757365725F69647C733A313A2232223B757365725F757365726E616D657C733A383A226A616B6172746131223B757365725F6C6576656C7C733A363A22636162616E67223B616B7365735F636162616E677C733A313A2232223B),
	('vjdvdbhpkatn59npo9voh94f4f630e3k', '::1', 1506302325, _binary 0x5F5F63695F6C6173745F726567656E65726174657C693A313530363330323032373B757365725F69647C733A313A2232223B757365725F757365726E616D657C733A383A226A616B6172746131223B757365725F6C6576656C7C733A363A22636162616E67223B616B7365735F636162616E677C733A313A2232223B);
/*!40000 ALTER TABLE `ci_session` ENABLE KEYS */;

-- Dumping structure for table ataba_express.ongkir
DROP TABLE IF EXISTS `ongkir`;
CREATE TABLE IF NOT EXISTS `ongkir` (
  `id` int(11) NOT NULL AUTO_INCREMENT,
  `cabang_asal` int(11) NOT NULL DEFAULT '0',
  `cabang_tujuan` int(11) NOT NULL DEFAULT '0',
  `biaya` double NOT NULL DEFAULT '0',
  `perkiraan_waktu` varchar(50) NOT NULL DEFAULT '0',
  PRIMARY KEY (`id`)
) ENGINE=InnoDB AUTO_INCREMENT=3 DEFAULT CHARSET=latin1 COMMENT='ongkir /kg';

-- Dumping data for table ataba_express.ongkir: ~0 rows (approximately)
DELETE FROM `ongkir`;
/*!40000 ALTER TABLE `ongkir` DISABLE KEYS */;
INSERT INTO `ongkir` (`id`, `cabang_asal`, `cabang_tujuan`, `biaya`, `perkiraan_waktu`) VALUES
	(1, 2, 1, 80000, '12 s/d 15 hari'),
	(2, 4, 14, 50000, '');
/*!40000 ALTER TABLE `ongkir` ENABLE KEYS */;

-- Dumping structure for table ataba_express.paket
DROP TABLE IF EXISTS `paket`;
CREATE TABLE IF NOT EXISTS `paket` (
  `id` int(11) NOT NULL AUTO_INCREMENT,
  `tracking_code` varchar(50) NOT NULL,
  `asal_id` int(11) NOT NULL,
  `tujuan_id` int(11) NOT NULL,
  `pengirim` varchar(50) NOT NULL,
  `telp_pengirim` varchar(50) NOT NULL,
  `alamat_pengirim` text NOT NULL,
  `penerima` varchar(50) NOT NULL,
  `telp_penerima` varchar(50) NOT NULL,
  `alamat_penerima` text NOT NULL,
  `isi_paket` varchar(50) NOT NULL,
  `berat` float NOT NULL,
  `biaya_kirim` varchar(50) NOT NULL,
  `biaya_packing` double NOT NULL,
  `biaya_total` double NOT NULL,
  `catatan` text NOT NULL,
  `tgl_terima` timestamp NOT NULL DEFAULT CURRENT_TIMESTAMP,
  PRIMARY KEY (`id`)
) ENGINE=InnoDB AUTO_INCREMENT=6 DEFAULT CHARSET=latin1;

-- Dumping data for table ataba_express.paket: ~1 rows (approximately)
DELETE FROM `paket`;
/*!40000 ALTER TABLE `paket` DISABLE KEYS */;
INSERT INTO `paket` (`id`, `tracking_code`, `asal_id`, `tujuan_id`, `pengirim`, `telp_pengirim`, `alamat_pengirim`, `penerima`, `telp_penerima`, `alamat_penerima`, `isi_paket`, `berat`, `biaya_kirim`, `biaya_packing`, `biaya_total`, `catatan`, `tgl_terima`) VALUES
	(4, '1506301042', 2, 1, 'xxx', '', '', 'yyy', '', '', '', 2, '160000', 2500, 162500, '', '0000-00-00 00:00:00'),
	(5, '1506415337', 2, 1, 'xxxxxxxxxxxx', 'xxxxxxxxxxxxx', '<p>xxxxxxxxxxxxxx</p>\r\n', 'xxxxxxxxxxxx', '666666666666666', '<p>xxxxxxxxxxxxx</p>\r\n', 'xxxxxxxxx', 1, '80000', 50000, 130000, '<p>xxxxxxxxxxxx</p>\r\n', '0000-00-00 00:00:00');
/*!40000 ALTER TABLE `paket` ENABLE KEYS */;

-- Dumping structure for table ataba_express.pegawai
DROP TABLE IF EXISTS `pegawai`;
CREATE TABLE IF NOT EXISTS `pegawai` (
  `id` int(11) NOT NULL AUTO_INCREMENT,
  `cabang_id` int(11) NOT NULL DEFAULT '0',
  `nama` varchar(50) NOT NULL DEFAULT '0',
  `telp` varchar(50) NOT NULL DEFAULT '0',
  PRIMARY KEY (`id`)
) ENGINE=InnoDB DEFAULT CHARSET=latin1;

-- Dumping data for table ataba_express.pegawai: ~0 rows (approximately)
DELETE FROM `pegawai`;
/*!40000 ALTER TABLE `pegawai` DISABLE KEYS */;
/*!40000 ALTER TABLE `pegawai` ENABLE KEYS */;

-- Dumping structure for table ataba_express.settings
DROP TABLE IF EXISTS `settings`;
CREATE TABLE IF NOT EXISTS `settings` (
  `id` int(11) NOT NULL AUTO_INCREMENT,
  `title` varchar(100) DEFAULT NULL,
  `tipe` enum('small-text','big-text') DEFAULT 'small-text',
  `value` text,
  `show` varchar(50) DEFAULT NULL,
  PRIMARY KEY (`id`)
) ENGINE=InnoDB AUTO_INCREMENT=2 DEFAULT CHARSET=latin1;

-- Dumping data for table ataba_express.settings: ~0 rows (approximately)
DELETE FROM `settings`;
/*!40000 ALTER TABLE `settings` DISABLE KEYS */;
INSERT INTO `settings` (`id`, `title`, `tipe`, `value`, `show`) VALUES
	(1, 'asuransi', 'small-text', '0.2', NULL);
/*!40000 ALTER TABLE `settings` ENABLE KEYS */;

-- Dumping structure for function ataba_express.slugify
DROP FUNCTION IF EXISTS `slugify`;
DELIMITER //
CREATE DEFINER=`root`@`localhost` FUNCTION `slugify`(
	`dirty_string` varchar(200)
) RETURNS varchar(200) CHARSET latin1
    DETERMINISTIC
BEGIN
    DECLARE x, y , z Int;
    DECLARE temp_string, new_string VarChar(200);
    DECLARE is_allowed Bool;
    DECLARE c, check_char VarChar(1);

    set temp_string = LOWER(dirty_string);

    Set temp_string = replace(temp_string, '&', ' and ');

    Select temp_string Regexp('[^a-z0-9\-]+') into x;
    If x = 1 then
        set z = 1;
        While z <= Char_length(temp_string) Do
            Set c = Substring(temp_string, z, 1);
            Set is_allowed = False;
            If !((ascii(c) = 45) or (ascii(c) >= 48 and ascii(c) <= 57) or (ascii(c) >= 97 and ascii(c) <= 122)) Then
                Set temp_string = Replace(temp_string, c, '-');
            End If;
            set z = z + 1;
        End While;
    End If;

    Select temp_string Regexp("^-|-$|'") into x;
    If x = 1 Then
        Set temp_string = Replace(temp_string, "'", '');
        Set z = Char_length(temp_string);
        Set y = Char_length(temp_string);
        Dash_check: While z > 1 Do
            If Strcmp(SubString(temp_string, -1, 1), '-') = 0 Then
                Set temp_string = Substring(temp_string,1, y-1);
                Set y = y - 1;
            Else
                Leave Dash_check;
            End If;
            Set z = z - 1;
        End While;
    End If;

    Repeat
        Select temp_string Regexp("--") into x;
        If x = 1 Then
            Set temp_string = Replace(temp_string, "--", "-");
        End If;
    Until x <> 1 End Repeat;

    If LOCATE('-', temp_string) = 1 Then
        Set temp_string = SUBSTRING(temp_string, 2);
    End If;

    Return temp_string;
END//
DELIMITER ;

-- Dumping structure for table ataba_express.status
DROP TABLE IF EXISTS `status`;
CREATE TABLE IF NOT EXISTS `status` (
  `id` int(11) NOT NULL AUTO_INCREMENT,
  `kode` int(11) DEFAULT NULL,
  `nama` varchar(50) DEFAULT NULL,
  `css_class` varchar(50) DEFAULT NULL,
  `keterangan` varchar(150) DEFAULT NULL,
  PRIMARY KEY (`id`)
) ENGINE=InnoDB AUTO_INCREMENT=13 DEFAULT CHARSET=latin1;

-- Dumping data for table ataba_express.status: ~9 rows (approximately)
DELETE FROM `status`;
/*!40000 ALTER TABLE `status` DISABLE KEYS */;
INSERT INTO `status` (`id`, `kode`, `nama`, `css_class`, `keterangan`) VALUES
	(1, 101, 'Paket Masuk', NULL, NULL),
	(2, 102, 'Paket Diproses', NULL, NULL),
	(3, 103, 'Paket Keluar', NULL, NULL),
	(4, 104, 'Dikirimkan kealamat penerima', NULL, ''),
	(5, 105, 'Diambil oleh penerima', NULL, ''),
	(9, 201, 'Barang ditolak beacukai', 'fa fa-exclamation-triangle', 'Barang ditolak beacukai'),
	(10, 202, 'Barang ditahan Beacukai', 'fa fa-exclamation-triangle', 'Barang ditahan Beacukai'),
	(11, 203, 'CODA', 'fa fa-exclamation-triangle', 'Kurir telah datang tetapi rumah alamat penerima tutup/kosong'),
	(12, 204, 'Not At Home', 'fa fa-exclamation-triangle', 'Penerima tidak ada di rumah / sedang keluar');
/*!40000 ALTER TABLE `status` ENABLE KEYS */;

-- Dumping structure for table ataba_express.tracking_paket
DROP TABLE IF EXISTS `tracking_paket`;
CREATE TABLE IF NOT EXISTS `tracking_paket` (
  `id` int(11) NOT NULL AUTO_INCREMENT,
  `paket_id` int(11) NOT NULL,
  `cabang_id` int(11) NOT NULL,
  `status_id` int(11) NOT NULL,
  `tanggal_status` timestamp NOT NULL DEFAULT CURRENT_TIMESTAMP ON UPDATE CURRENT_TIMESTAMP,
  PRIMARY KEY (`id`)
) ENGINE=InnoDB AUTO_INCREMENT=9 DEFAULT CHARSET=latin1;

-- Dumping data for table ataba_express.tracking_paket: ~7 rows (approximately)
DELETE FROM `tracking_paket`;
/*!40000 ALTER TABLE `tracking_paket` DISABLE KEYS */;
INSERT INTO `tracking_paket` (`id`, `paket_id`, `cabang_id`, `status_id`, `tanggal_status`) VALUES
	(1, 4, 2, 1, '2017-09-25 07:57:22'),
	(2, 4, 2, 3, '2017-09-25 09:36:22'),
	(3, 4, 2, 9, '2017-09-25 09:39:16'),
	(4, 4, 2, 9, '2017-09-25 09:40:52'),
	(5, 4, 1, 1, '2017-09-25 10:06:46'),
	(6, 5, 2, 1, '2017-09-26 15:42:17'),
	(7, 5, 4, 1, '2017-09-26 15:45:00'),
	(8, 5, 4, 3, '2017-09-26 15:45:17');
/*!40000 ALTER TABLE `tracking_paket` ENABLE KEYS */;

-- Dumping structure for table ataba_express.user
DROP TABLE IF EXISTS `user`;
CREATE TABLE IF NOT EXISTS `user` (
  `id` int(11) NOT NULL AUTO_INCREMENT,
  `username` varchar(50) NOT NULL,
  `password` varchar(50) NOT NULL,
  `email` varchar(50) NOT NULL,
  `level` enum('admin','cabang') NOT NULL,
  `akses_cabang` varchar(50) NOT NULL,
  PRIMARY KEY (`id`),
  UNIQUE KEY `username` (`username`),
  UNIQUE KEY `email` (`email`)
) ENGINE=InnoDB AUTO_INCREMENT=4 DEFAULT CHARSET=latin1;

-- Dumping data for table ataba_express.user: ~0 rows (approximately)
DELETE FROM `user`;
/*!40000 ALTER TABLE `user` DISABLE KEYS */;
INSERT INTO `user` (`id`, `username`, `password`, `email`, `level`, `akses_cabang`) VALUES
	(1, 'admin', '21232f297a57a5a743894a0e4a801fc3', 'admin@gmail.com', 'admin', ''),
	(2, 'jakarta1', '25b3968e7434ac9cea4a57b40f7a4956', 'atabajakarta1@gmail.com', 'cabang', '2'),
	(3, 'surabaya', '5012a1cbc560d21c9ad22c555790c2b0', '', 'cabang', '4');
/*!40000 ALTER TABLE `user` ENABLE KEYS */;

-- Dumping structure for table ataba_express.web_slideshow
DROP TABLE IF EXISTS `web_slideshow`;
CREATE TABLE IF NOT EXISTS `web_slideshow` (
  `id` int(11) NOT NULL AUTO_INCREMENT,
  `judul` varchar(50) NOT NULL,
  `deskripsi` varchar(50) NOT NULL,
  `slideshow_image` varchar(200) NOT NULL,
  PRIMARY KEY (`id`)
) ENGINE=InnoDB AUTO_INCREMENT=4 DEFAULT CHARSET=latin1;

-- Dumping data for table ataba_express.web_slideshow: ~3 rows (approximately)
DELETE FROM `web_slideshow`;
/*!40000 ALTER TABLE `web_slideshow` DISABLE KEYS */;
INSERT INTO `web_slideshow` (`id`, `judul`, `deskripsi`, `slideshow_image`) VALUES
	(1, 'UNBEATABLE TRUCKING AND TRANSPORT SERVICES', 'Starting from loading to unloading and maintaining', '3de9d-php1ac8.tmp.jpg'),
	(2, 'CRANE TO TRAIN, WE DO EVERYTHING', 'Starting from loading to unloading and maintaining', '5d68c-phpd837.tmp.jpg'),
	(3, '2 Tahun Melayani', 'lorem ipsum', 'e5e3a-php2a68.tmp.jpg');
/*!40000 ALTER TABLE `web_slideshow` ENABLE KEYS */;

-- Dumping structure for trigger ataba_express.berita_before_insert
DROP TRIGGER IF EXISTS `berita_before_insert`;
SET @OLDTMP_SQL_MODE=@@SQL_MODE, SQL_MODE='NO_ENGINE_SUBSTITUTION';
DELIMITER //
CREATE TRIGGER `berita_before_insert` BEFORE INSERT ON `berita` FOR EACH ROW BEGIN
	SET NEW.slug = slugify(NEW.judul);
END//
DELIMITER ;
SET SQL_MODE=@OLDTMP_SQL_MODE;

-- Dumping structure for trigger ataba_express.berita_before_update
DROP TRIGGER IF EXISTS `berita_before_update`;
SET @OLDTMP_SQL_MODE=@@SQL_MODE, SQL_MODE='NO_ENGINE_SUBSTITUTION';
DELIMITER //
CREATE TRIGGER `berita_before_update` BEFORE UPDATE ON `berita` FOR EACH ROW BEGIN
 SET NEW.slug = slugify(NEW.judul);
END//
DELIMITER ;
SET SQL_MODE=@OLDTMP_SQL_MODE;

-- Dumping structure for trigger ataba_express.paket_after_insert
DROP TRIGGER IF EXISTS `paket_after_insert`;
SET @OLDTMP_SQL_MODE=@@SQL_MODE, SQL_MODE='NO_ENGINE_SUBSTITUTION';
DELIMITER //
CREATE TRIGGER `paket_after_insert` AFTER INSERT ON `paket` FOR EACH ROW BEGIN
	INSERT INTO tracking_paket(paket_id,cabang_id,status_id) VALUES(NEW.id, NEW.asal_id,1 );
END//
DELIMITER ;
SET SQL_MODE=@OLDTMP_SQL_MODE;

-- Dumping structure for trigger ataba_express.paket_before_insert
DROP TRIGGER IF EXISTS `paket_before_insert`;
SET @OLDTMP_SQL_MODE=@@SQL_MODE, SQL_MODE='NO_ENGINE_SUBSTITUTION';
DELIMITER //
CREATE TRIGGER `paket_before_insert` BEFORE INSERT ON `paket` FOR EACH ROW BEGIN
	SET NEW.tracking_code = UNIX_TIMESTAMP();
	SET NEW.biaya_total = NEW.biaya_kirim + NEW.biaya_packing;
	
END//
DELIMITER ;
SET SQL_MODE=@OLDTMP_SQL_MODE;

-- Dumping structure for trigger ataba_express.paket_before_update
DROP TRIGGER IF EXISTS `paket_before_update`;
SET @OLDTMP_SQL_MODE=@@SQL_MODE, SQL_MODE='NO_ENGINE_SUBSTITUTION';
DELIMITER //
CREATE TRIGGER `paket_before_update` BEFORE UPDATE ON `paket` FOR EACH ROW BEGIN
	SET NEW.biaya_total = NEW.biaya_kirim + NEW.biaya_packing;
END//
DELIMITER ;
SET SQL_MODE=@OLDTMP_SQL_MODE;

/*!40101 SET SQL_MODE=IFNULL(@OLD_SQL_MODE, '') */;
/*!40014 SET FOREIGN_KEY_CHECKS=IF(@OLD_FOREIGN_KEY_CHECKS IS NULL, 1, @OLD_FOREIGN_KEY_CHECKS) */;
/*!40101 SET CHARACTER_SET_CLIENT=@OLD_CHARACTER_SET_CLIENT */;
